-- phpMyAdmin SQL Dump
-- version 4.8.5
-- https://www.phpmyadmin.net/
--
-- Host: 127.0.0.1
-- Generation Time: Apr 09, 2019 at 09:03 AM
-- Server version: 10.1.38-MariaDB
-- PHP Version: 7.3.2

SET SQL_MODE = "NO_AUTO_VALUE_ON_ZERO";
SET AUTOCOMMIT = 0;
START TRANSACTION;
SET time_zone = "+00:00";


/*!40101 SET @OLD_CHARACTER_SET_CLIENT=@@CHARACTER_SET_CLIENT */;
/*!40101 SET @OLD_CHARACTER_SET_RESULTS=@@CHARACTER_SET_RESULTS */;
/*!40101 SET @OLD_COLLATION_CONNECTION=@@COLLATION_CONNECTION */;
/*!40101 SET NAMES utf8mb4 */;

--
-- Database: `sales`
--

-- --------------------------------------------------------

--
-- Table structure for table `customer`
--

CREATE TABLE `customer` (
  `idCust` int(10) NOT NULL,
  `namaCust` varchar(50) NOT NULL,
  `negara` varchar(50) NOT NULL
) ENGINE=InnoDB DEFAULT CHARSET=latin1;

--
-- Dumping data for table `customer`
--

INSERT INTO `customer` (`idCust`, `namaCust`, `negara`) VALUES
(1, 'PT Sejahtera Bareng', 'Indonesia'),
(2, 'Caltex Pasific', 'Amerika Serikat'),
(3, 'Sony Electronic', 'Jepang'),
(4, 'Exxon Mobil', 'Texas'),
(5, 'Sime Darb', 'Malaysia'),
(6, 'Link Reit', 'Hongkong'),
(7, 'Gecina', 'Perancis'),
(8, 'Ventas', 'Amerika Serikat'),
(9, 'Boston Properties', 'Amerika Serikat'),
(10, 'Royal Dutch', 'Belanda');

-- --------------------------------------------------------

--
-- Table structure for table `pekerja`
--

CREATE TABLE `pekerja` (
  `idPek` int(10) NOT NULL,
  `noPek` varchar(50) NOT NULL,
  `namaPek` varchar(50) NOT NULL,
  `Region` varchar(50) NOT NULL
) ENGINE=InnoDB DEFAULT CHARSET=latin1;

--
-- Dumping data for table `pekerja`
--

INSERT INTO `pekerja` (`idPek`, `noPek`, `namaPek`, `Region`) VALUES
(1, 'SLS-01', 'Ali Muh. Rondi', 'Malaysia'),
(2, 'SLS-02', 'Cahya Nurani', 'Indonesia'),
(3, 'SLS-03', 'Ika Merdekawati', 'Myanmar'),
(4, 'SLS-04', 'Joko Suntoro', 'Thailand'),
(5, 'SLS-05', 'Prind Tri Ajeng', 'Filipina'),
(6, 'SLS-06', 'Rutin Fisekati', 'Kamboja'),
(7, 'SLS-07', 'Surono', 'Vietnam');

-- --------------------------------------------------------

--
-- Table structure for table `produk`
--

CREATE TABLE `produk` (
  `idProd` int(10) NOT NULL,
  `kodeProd` varchar(50) NOT NULL,
  `namaProd` varchar(50) NOT NULL
) ENGINE=InnoDB DEFAULT CHARSET=latin1;

--
-- Dumping data for table `produk`
--

INSERT INTO `produk` (`idProd`, `kodeProd`, `namaProd`) VALUES
(1, 'item 1', 'ENDURO 4T'),
(2, 'item 2', '2T ENVIRO SAE 20'),
(3, 'item 3', 'MESRANIA 2T SUPER-X'),
(4, 'item 4', 'MESRANIA 2T SPORT TC-A'),
(5, 'item 5', 'ENDURO 4T');

-- --------------------------------------------------------

--
-- Table structure for table `transaksi`
--

CREATE TABLE `transaksi` (
  `idTrans` int(10) NOT NULL,
  `tglTrans` date NOT NULL,
  `idCust` int(10) NOT NULL,
  `idPek` int(10) NOT NULL,
  `idProd` int(10) NOT NULL,
  `qty` int(10) NOT NULL
) ENGINE=InnoDB DEFAULT CHARSET=latin1;

--
-- Dumping data for table `transaksi`
--

INSERT INTO `transaksi` (`idTrans`, `tglTrans`, `idCust`, `idPek`, `idProd`, `qty`) VALUES
(1, '2017-01-01', 6, 3, 5, 80),
(2, '2017-01-01', 2, 3, 5, 30),
(3, '2017-01-01', 3, 7, 3, 40),
(4, '2017-01-02', 4, 6, 4, 60),
(5, '2017-01-02', 7, 6, 3, 40),
(6, '2017-01-02', 5, 5, 1, 80),
(7, '2017-01-02', 7, 4, 4, 70),
(8, '2017-01-03', 5, 2, 4, 80),
(9, '2017-01-04', 4, 5, 4, 40),
(10, '2017-01-05', 7, 5, 3, 20),
(11, '2017-01-05', 1, 6, 4, 50),
(12, '2017-01-05', 8, 7, 5, 90),
(13, '2017-01-06', 1, 2, 4, 50),
(14, '2017-01-06', 10, 7, 4, 60),
(15, '2017-01-07', 10, 5, 2, 40),
(16, '2017-01-08', 1, 7, 5, 70),
(17, '2017-01-09', 8, 7, 4, 90),
(18, '2017-01-10', 5, 2, 3, 30),
(19, '2017-01-11', 4, 7, 5, 90),
(20, '2017-01-11', 5, 7, 3, 90),
(21, '2017-01-11', 8, 4, 4, 80),
(22, '2017-01-11', 10, 2, 4, 80),
(23, '2017-01-11', 9, 7, 5, 90),
(24, '2017-01-12', 6, 2, 3, 70),
(25, '2017-01-12', 9, 2, 2, 80),
(26, '2017-01-13', 2, 7, 3, 50),
(27, '2017-01-14', 3, 4, 4, 20),
(28, '2017-01-15', 5, 5, 1, 40),
(29, '2017-01-16', 7, 5, 1, 20),
(30, '2017-01-17', 4, 7, 4, 10),
(31, '2017-01-18', 3, 5, 4, 80),
(32, '2017-01-19', 6, 2, 1, 60),
(33, '2017-01-20', 4, 7, 4, 40),
(34, '2017-01-21', 10, 4, 5, 10),
(35, '2017-01-22', 7, 4, 3, 30),
(36, '2017-01-23', 2, 4, 3, 60),
(37, '2017-01-24', 7, 4, 2, 40),
(38, '2017-01-25', 9, 4, 2, 50),
(39, '2017-01-26', 5, 7, 4, 70),
(40, '2017-01-27', 5, 6, 5, 30),
(41, '2017-01-28', 1, 4, 5, 70),
(42, '2017-01-29', 5, 4, 5, 30),
(43, '2017-01-30', 7, 4, 5, 80),
(44, '2017-01-31', 3, 4, 5, 80),
(45, '2017-02-01', 2, 2, 4, 50),
(46, '2017-02-02', 4, 6, 1, 50),
(47, '2017-02-03', 5, 6, 4, 40),
(48, '2017-02-04', 3, 2, 2, 30),
(49, '2017-02-05', 3, 5, 3, 20),
(50, '2017-02-06', 3, 6, 3, 40),
(51, '2017-02-07', 4, 2, 1, 30),
(52, '2017-02-08', 1, 7, 3, 70),
(53, '2017-02-09', 2, 5, 5, 10),
(54, '2017-02-10', 6, 5, 3, 50),
(55, '2017-02-11', 4, 6, 1, 80),
(56, '2017-02-12', 4, 4, 1, 10),
(57, '2017-02-13', 8, 5, 3, 80),
(58, '2017-02-13', 2, 6, 1, 20),
(59, '2017-02-13', 2, 6, 1, 90),
(60, '2017-02-14', 4, 6, 1, 30),
(61, '2017-02-14', 6, 7, 5, 50),
(62, '2017-02-15', 10, 6, 5, 70),
(63, '2017-02-16', 8, 4, 2, 60),
(64, '2017-02-17', 2, 6, 5, 50),
(65, '2017-02-18', 4, 5, 5, 70),
(66, '2017-02-19', 10, 6, 3, 70),
(67, '2017-02-20', 9, 5, 3, 10),
(68, '2017-02-21', 8, 5, 1, 70),
(69, '2017-02-22', 9, 6, 3, 90),
(70, '2017-02-23', 10, 5, 3, 50),
(71, '2017-02-24', 2, 2, 4, 50),
(72, '2017-02-25', 6, 6, 2, 90),
(73, '2017-02-26', 4, 6, 2, 70),
(74, '2017-02-27', 4, 6, 2, 70),
(75, '2017-02-28', 5, 6, 5, 40),
(76, '2017-03-01', 2, 6, 3, 20),
(77, '2017-03-02', 2, 2, 5, 80),
(78, '2017-03-03', 7, 6, 2, 20),
(79, '2017-03-04', 6, 7, 4, 80),
(80, '2017-03-05', 2, 7, 5, 60),
(81, '2017-03-06', 4, 2, 3, 60),
(82, '2017-03-07', 2, 7, 3, 20),
(83, '2017-03-08', 5, 2, 5, 50),
(84, '2017-03-09', 3, 7, 1, 50),
(85, '2017-03-10', 5, 7, 1, 90),
(86, '2017-03-11', 8, 6, 5, 90),
(87, '2017-03-12', 9, 7, 5, 40),
(88, '2017-03-13', 6, 6, 3, 80),
(89, '2017-03-14', 2, 2, 4, 50),
(90, '2017-03-15', 10, 7, 5, 60),
(91, '2017-03-16', 2, 5, 4, 70),
(92, '2017-03-17', 3, 2, 4, 50),
(93, '2017-03-18', 1, 2, 5, 80),
(94, '2017-03-19', 4, 2, 2, 80),
(95, '2017-03-20', 3, 7, 3, 20),
(96, '2017-03-21', 8, 7, 5, 30),
(97, '2017-03-22', 3, 4, 2, 90),
(98, '2017-03-23', 3, 7, 4, 10),
(99, '2017-03-24', 7, 4, 2, 20),
(100, '2017-03-25', 1, 4, 5, 20),
(101, '2017-03-26', 8, 4, 3, 80),
(102, '2017-03-27', 6, 5, 5, 40),
(103, '2017-03-27', 6, 7, 1, 10),
(104, '2017-03-27', 5, 4, 5, 70),
(105, '2017-03-27', 8, 6, 1, 30),
(106, '2017-03-28', 4, 6, 3, 30),
(107, '2017-03-29', 9, 7, 1, 40),
(108, '2017-03-30', 5, 7, 4, 90),
(109, '2017-03-31', 8, 7, 2, 50),
(110, '2017-04-01', 2, 4, 2, 20),
(111, '2017-04-02', 2, 5, 5, 90),
(112, '2017-04-03', 2, 7, 4, 80),
(113, '2017-04-04', 8, 7, 2, 60),
(114, '2017-04-04', 1, 7, 5, 40),
(115, '2017-04-04', 2, 7, 4, 20),
(116, '2017-04-05', 8, 2, 2, 40),
(117, '2017-04-06', 7, 5, 4, 60),
(118, '2017-04-07', 6, 7, 3, 70),
(119, '2017-04-08', 4, 5, 3, 80),
(120, '2017-04-09', 10, 4, 4, 30),
(121, '2017-04-10', 9, 7, 1, 10),
(122, '2017-04-11', 9, 2, 4, 70),
(123, '2017-04-12', 6, 2, 3, 30),
(124, '2017-04-13', 10, 7, 2, 70),
(125, '2017-04-14', 7, 5, 4, 40),
(126, '2017-04-15', 6, 5, 5, 30),
(127, '2017-04-16', 9, 2, 3, 80),
(128, '2017-04-17', 8, 6, 1, 40),
(129, '2017-04-18', 1, 4, 5, 60),
(130, '2017-04-19', 8, 5, 4, 20),
(131, '2017-04-20', 6, 2, 5, 30),
(132, '2017-04-21', 2, 4, 3, 70),
(133, '2017-04-22', 1, 5, 1, 40),
(134, '2017-04-23', 10, 2, 4, 20),
(135, '2017-04-24', 8, 5, 2, 90),
(136, '2017-04-25', 9, 5, 3, 30),
(137, '2017-04-26', 1, 2, 4, 10),
(138, '2017-04-27', 1, 7, 3, 70),
(139, '2017-04-28', 10, 5, 5, 40),
(140, '2017-04-29', 5, 4, 1, 20),
(141, '2017-04-30', 1, 2, 4, 20),
(142, '2017-05-01', 7, 7, 3, 20),
(143, '2017-05-02', 3, 7, 1, 70),
(144, '2017-05-03', 8, 7, 4, 60),
(145, '2017-05-04', 9, 4, 1, 70),
(146, '2017-05-05', 9, 7, 4, 50),
(147, '2017-05-06', 5, 1, 4, 90),
(148, '2017-05-07', 4, 4, 1, 70),
(149, '2017-05-08', 1, 6, 3, 80),
(150, '2017-05-09', 6, 6, 3, 90),
(151, '2017-05-10', 1, 7, 3, 80),
(152, '2017-05-11', 8, 2, 3, 30),
(153, '2017-05-12', 9, 4, 3, 70),
(154, '2017-05-13', 1, 7, 2, 20),
(155, '2017-05-13', 6, 6, 4, 70),
(156, '2017-05-13', 6, 6, 2, 70),
(157, '2017-05-13', 1, 1, 5, 40),
(158, '2017-05-13', 4, 6, 5, 30),
(159, '2017-05-14', 4, 4, 2, 80),
(160, '2017-05-15', 4, 6, 4, 90),
(161, '2017-05-16', 3, 3, 5, 30),
(162, '2017-05-16', 5, 5, 4, 70),
(163, '2017-05-16', 4, 5, 4, 20),
(164, '2017-05-16', 5, 6, 2, 60),
(165, '2017-05-16', 8, 1, 2, 20),
(166, '2017-05-17', 1, 1, 5, 70),
(167, '2017-05-18', 8, 3, 3, 50),
(168, '2017-05-19', 9, 5, 5, 10),
(169, '2017-05-20', 4, 5, 3, 50),
(170, '2017-05-21', 9, 3, 3, 50),
(171, '2017-05-22', 1, 3, 3, 70),
(172, '2017-05-23', 9, 5, 4, 90),
(173, '2017-05-24', 1, 3, 3, 80),
(174, '2017-05-25', 4, 3, 1, 30),
(175, '2017-05-26', 5, 3, 5, 20),
(176, '2017-05-27', 6, 1, 3, 80),
(177, '2017-05-28', 4, 3, 1, 40),
(178, '2017-05-29', 4, 3, 4, 10),
(179, '2017-05-30', 10, 5, 3, 50),
(180, '2017-05-31', 3, 3, 2, 70),
(181, '2017-06-01', 9, 1, 4, 90),
(182, '2017-06-01', 3, 3, 2, 40),
(183, '2017-06-01', 4, 1, 1, 60),
(184, '2017-06-02', 10, 5, 4, 40),
(185, '2017-06-03', 2, 3, 4, 90),
(186, '2017-06-04', 5, 4, 3, 10),
(187, '2017-06-05', 2, 2, 2, 40),
(188, '2017-06-06', 4, 5, 5, 90),
(189, '2017-06-06', 1, 3, 5, 50),
(190, '2017-06-06', 1, 1, 1, 80),
(191, '2017-06-06', 7, 5, 1, 20),
(192, '2017-06-07', 6, 1, 5, 50),
(193, '2017-06-08', 5, 7, 3, 60),
(194, '2017-06-09', 4, 5, 1, 40),
(195, '2017-06-10', 8, 5, 5, 40),
(196, '2017-06-10', 8, 2, 3, 20),
(197, '2017-06-10', 7, 5, 4, 30),
(198, '2017-06-11', 9, 5, 1, 50),
(199, '2017-06-12', 6, 1, 2, 10),
(200, '2017-06-13', 4, 3, 3, 20),
(201, '2017-06-14', 7, 6, 4, 20),
(202, '2017-06-15', 2, 5, 4, 20),
(203, '2017-06-16', 8, 3, 4, 70),
(204, '2017-06-17', 5, 6, 4, 70),
(205, '2017-06-18', 1, 2, 4, 90),
(206, '2017-06-19', 6, 1, 5, 70),
(207, '2017-06-20', 8, 5, 4, 60),
(208, '2017-06-21', 3, 5, 5, 10),
(209, '2017-06-22', 7, 5, 2, 90),
(210, '2017-06-23', 9, 3, 1, 10),
(211, '2017-06-24', 9, 3, 2, 70),
(212, '2017-06-25', 5, 7, 2, 30),
(213, '2017-06-25', 8, 2, 3, 90),
(214, '2017-06-25', 7, 2, 3, 80),
(215, '2017-06-25', 1, 5, 1, 20),
(216, '2017-06-26', 1, 2, 1, 70),
(217, '2017-06-27', 6, 1, 3, 20),
(218, '2017-06-28', 4, 3, 2, 40),
(219, '2017-06-29', 4, 6, 1, 70),
(220, '2017-06-30', 3, 6, 3, 80),
(221, '2017-07-01', 7, 6, 1, 70),
(222, '2017-07-01', 9, 3, 2, 80),
(223, '2017-07-01', 2, 3, 1, 40),
(224, '2017-07-01', 3, 2, 1, 10),
(225, '2017-07-02', 5, 7, 5, 10),
(226, '2017-07-02', 7, 3, 2, 70),
(227, '2017-07-02', 2, 6, 4, 10),
(228, '2017-07-02', 10, 5, 3, 20),
(229, '2017-07-03', 4, 3, 4, 90),
(230, '2017-07-04', 9, 5, 3, 10),
(231, '2017-07-05', 6, 2, 3, 40),
(232, '2017-07-06', 5, 3, 3, 30),
(233, '2017-07-06', 8, 1, 2, 20),
(234, '2017-07-06', 2, 5, 5, 80),
(235, '2017-07-06', 2, 6, 3, 40),
(236, '2017-07-07', 3, 5, 5, 30),
(237, '2017-07-08', 6, 3, 2, 40),
(238, '2017-07-09', 7, 5, 5, 10),
(239, '2017-07-09', 2, 6, 5, 50),
(240, '2017-07-09', 2, 3, 5, 90),
(241, '2017-07-09', 6, 5, 3, 20),
(242, '2017-07-09', 9, 1, 4, 50),
(243, '2017-07-10', 9, 3, 2, 70),
(244, '2017-07-10', 10, 3, 2, 40),
(245, '2017-07-10', 8, 2, 5, 30),
(246, '2017-07-10', 3, 5, 5, 40),
(247, '2017-07-11', 7, 7, 3, 70),
(248, '2017-07-11', 9, 1, 1, 30),
(249, '2017-07-11', 7, 3, 3, 70),
(250, '2017-07-12', 7, 5, 4, 60),
(251, '2017-07-12', 2, 1, 4, 50),
(252, '2017-07-12', 7, 5, 3, 60),
(253, '2017-07-12', 2, 3, 4, 50),
(254, '2017-07-12', 8, 5, 2, 30),
(255, '2017-07-13', 2, 3, 2, 40),
(256, '2017-07-13', 10, 3, 1, 60),
(257, '2017-07-13', 5, 3, 2, 30),
(258, '2017-07-13', 7, 7, 3, 30),
(259, '2017-07-13', 1, 6, 3, 50),
(260, '2017-07-13', 5, 2, 2, 40),
(261, '2017-07-13', 10, 4, 4, 30),
(262, '2017-07-13', 5, 3, 5, 20),
(263, '2017-07-14', 7, 2, 5, 10),
(264, '2017-07-15', 8, 2, 5, 80),
(265, '2017-07-16', 5, 5, 5, 50),
(266, '2017-07-17', 2, 5, 3, 20),
(267, '2017-07-18', 8, 3, 4, 90),
(268, '2017-07-19', 4, 7, 4, 60),
(269, '2017-07-20', 2, 1, 4, 10),
(270, '2017-07-21', 5, 3, 2, 70),
(271, '2017-07-22', 3, 5, 1, 20),
(272, '2017-07-23', 2, 5, 2, 10),
(273, '2017-07-24', 4, 3, 3, 30),
(274, '2017-07-25', 3, 1, 4, 30),
(275, '2017-07-26', 3, 5, 5, 40),
(276, '2017-07-27', 1, 2, 5, 40),
(277, '2017-07-28', 5, 5, 5, 70),
(278, '2017-07-29', 7, 3, 4, 30),
(279, '2017-07-30', 8, 5, 2, 70),
(280, '2017-07-31', 1, 3, 4, 20),
(281, '2017-08-01', 2, 3, 3, 50),
(282, '2017-08-02', 3, 3, 1, 50),
(283, '2017-08-03', 5, 3, 1, 70),
(284, '2017-08-03', 3, 3, 4, 70),
(285, '2017-08-03', 6, 2, 1, 50),
(286, '2017-08-04', 3, 2, 3, 80),
(287, '2017-08-04', 2, 2, 5, 40),
(288, '2017-08-04', 10, 4, 1, 30),
(289, '2017-08-04', 7, 1, 4, 30),
(290, '2017-08-05', 4, 3, 5, 80),
(291, '2017-08-06', 3, 3, 5, 60),
(292, '2017-08-07', 7, 1, 3, 20),
(293, '2017-08-08', 7, 3, 4, 10),
(294, '2017-08-09', 7, 2, 2, 70),
(295, '2017-08-10', 3, 3, 4, 10),
(296, '2017-08-11', 8, 1, 2, 90),
(297, '2017-08-12', 8, 6, 1, 80),
(298, '2017-08-13', 9, 3, 1, 70),
(299, '2017-08-14', 10, 1, 1, 60),
(300, '2017-08-15', 5, 2, 1, 80),
(301, '2017-08-16', 10, 1, 1, 70),
(302, '2017-08-17', 3, 3, 2, 20),
(303, '2017-08-18', 7, 3, 3, 70),
(304, '2017-08-19', 10, 3, 3, 80),
(305, '2017-08-20', 10, 7, 5, 10),
(306, '2017-08-20', 2, 1, 3, 50),
(307, '2017-08-20', 3, 5, 1, 30),
(308, '2017-08-20', 10, 6, 3, 90),
(309, '2017-08-21', 10, 2, 3, 10),
(310, '2017-08-22', 5, 3, 5, 80),
(311, '2017-08-23', 2, 1, 1, 70),
(312, '2017-08-24', 4, 5, 4, 50),
(313, '2017-08-25', 2, 3, 2, 90),
(314, '2017-08-26', 7, 7, 2, 80),
(315, '2017-08-27', 5, 5, 4, 40),
(316, '2017-08-28', 10, 3, 1, 30),
(317, '2017-08-28', 6, 7, 1, 70),
(318, '2017-08-28', 4, 3, 1, 30),
(319, '2017-08-28', 1, 1, 5, 60),
(320, '2017-08-28', 10, 1, 5, 10),
(321, '2017-08-28', 1, 5, 1, 20),
(322, '2017-08-29', 9, 3, 3, 40),
(323, '2017-08-30', 7, 6, 1, 30),
(324, '2017-08-31', 1, 2, 3, 20),
(325, '2017-09-01', 5, 3, 1, 60),
(326, '2017-09-01', 2, 4, 4, 40),
(327, '2017-09-01', 1, 2, 2, 40),
(328, '2017-09-01', 1, 3, 3, 80),
(329, '2017-09-01', 1, 6, 5, 10),
(330, '2017-09-02', 9, 3, 3, 50),
(331, '2017-09-02', 1, 6, 5, 60),
(332, '2017-09-02', 9, 2, 2, 60),
(333, '2017-09-02', 3, 3, 3, 40),
(334, '2017-09-03', 9, 3, 2, 10),
(335, '2017-09-04', 2, 3, 5, 60),
(336, '2017-09-05', 9, 2, 5, 30),
(337, '2017-09-06', 9, 2, 4, 80),
(338, '2017-09-07', 1, 2, 1, 20),
(339, '2017-09-08', 3, 2, 3, 30),
(340, '2017-09-09', 4, 3, 4, 50),
(341, '2017-09-10', 6, 5, 4, 10),
(342, '2017-09-11', 8, 3, 4, 50),
(343, '2017-09-12', 3, 2, 1, 20),
(344, '2017-09-13', 7, 1, 4, 70),
(345, '2017-09-14', 10, 7, 1, 80),
(346, '2017-09-14', 5, 3, 3, 60),
(347, '2017-09-14', 5, 3, 4, 90),
(348, '2017-09-14', 7, 3, 3, 70),
(349, '2017-09-15', 1, 3, 4, 40),
(350, '2017-09-16', 10, 5, 4, 90),
(351, '2017-09-17', 9, 3, 2, 50),
(352, '2017-09-18', 4, 1, 4, 30),
(353, '2017-09-19', 7, 1, 1, 20),
(354, '2017-09-20', 8, 1, 4, 60),
(355, '2017-09-21', 1, 1, 5, 50),
(356, '2017-09-22', 7, 3, 1, 20),
(357, '2017-09-23', 3, 2, 2, 80),
(358, '2017-09-24', 8, 7, 3, 30),
(359, '2017-09-25', 8, 1, 5, 60),
(360, '2017-09-26', 6, 7, 2, 10),
(361, '2017-09-27', 3, 2, 2, 80),
(362, '2017-09-28', 7, 5, 1, 60),
(363, '2017-09-29', 4, 3, 4, 20),
(364, '2017-09-30', 10, 1, 4, 90),
(365, '2017-10-01', 7, 2, 4, 10),
(366, '2017-10-02', 5, 3, 1, 20),
(367, '2017-10-02', 1, 6, 3, 40),
(368, '2017-10-02', 8, 1, 1, 60),
(369, '2017-10-02', 2, 1, 1, 90),
(370, '2017-10-03', 8, 7, 2, 70),
(371, '2017-10-04', 7, 3, 2, 20),
(372, '2017-10-05', 3, 3, 2, 60),
(373, '2017-10-06', 3, 3, 3, 90),
(374, '2017-10-06', 8, 7, 2, 20),
(375, '2017-10-06', 1, 5, 4, 90),
(376, '2017-10-06', 6, 3, 1, 80),
(377, '2017-10-07', 8, 3, 5, 40),
(378, '2017-10-08', 3, 5, 3, 60),
(379, '2017-10-09', 5, 5, 5, 50),
(380, '2017-10-10', 9, 3, 1, 40),
(381, '2017-10-10', 6, 5, 5, 80),
(382, '2017-10-10', 5, 3, 4, 30),
(383, '2017-10-10', 5, 2, 2, 80),
(384, '2017-10-11', 5, 6, 3, 60),
(385, '2017-10-12', 6, 6, 3, 70),
(386, '2017-10-12', 7, 6, 3, 20),
(387, '2017-10-12', 9, 3, 5, 60),
(388, '2017-10-12', 2, 3, 1, 70),
(389, '2017-10-12', 4, 3, 3, 80),
(390, '2017-10-13', 2, 3, 2, 30),
(391, '2017-10-14', 9, 6, 5, 80),
(392, '2017-10-15', 5, 5, 3, 50),
(393, '2017-10-16', 4, 6, 1, 10),
(394, '2017-10-17', 5, 1, 3, 60),
(395, '2017-10-18', 8, 3, 4, 30),
(396, '2017-10-19', 1, 6, 1, 50),
(397, '2017-10-20', 6, 5, 3, 70),
(398, '2017-10-21', 4, 5, 2, 60),
(399, '2017-10-22', 7, 3, 4, 20),
(400, '2017-10-23', 4, 4, 3, 10),
(401, '2017-10-23', 1, 5, 4, 50),
(402, '2017-10-23', 7, 2, 2, 50),
(403, '2017-10-23', 3, 6, 1, 70),
(404, '2017-10-23', 5, 6, 2, 30),
(405, '2017-10-23', 3, 5, 4, 40),
(406, '2017-10-24', 4, 3, 1, 30),
(407, '2017-10-25', 3, 3, 2, 20),
(408, '2017-10-26', 2, 3, 2, 80),
(409, '2017-10-27', 1, 7, 5, 30),
(410, '2017-10-28', 5, 3, 1, 20),
(411, '2017-10-29', 1, 7, 2, 40),
(412, '2017-10-30', 7, 3, 5, 80),
(413, '2017-10-31', 1, 3, 5, 50),
(414, '2017-11-01', 5, 2, 3, 90),
(415, '2017-11-02', 1, 1, 5, 40),
(416, '2017-11-03', 8, 5, 4, 70),
(417, '2017-11-04', 2, 6, 4, 20),
(418, '2017-11-05', 1, 6, 2, 10),
(419, '2017-11-06', 6, 1, 2, 10),
(420, '2017-11-07', 10, 3, 2, 10),
(421, '2017-11-07', 3, 6, 4, 10),
(422, '2017-11-07', 9, 1, 2, 60),
(423, '2017-11-07', 9, 2, 2, 20),
(424, '2017-11-07', 6, 3, 2, 70),
(425, '2017-11-08', 4, 3, 4, 20),
(426, '2017-11-09', 5, 2, 5, 50),
(427, '2017-11-10', 1, 3, 2, 80),
(428, '2017-11-11', 2, 1, 5, 60),
(429, '2017-11-12', 10, 2, 1, 70),
(430, '2017-11-13', 4, 3, 1, 60),
(431, '2017-11-14', 7, 6, 5, 80),
(432, '2017-11-15', 1, 4, 3, 10),
(433, '2017-11-16', 4, 5, 3, 80),
(434, '2017-11-17', 9, 5, 5, 90),
(435, '2017-11-17', 8, 7, 3, 60),
(436, '2017-11-17', 2, 3, 2, 70),
(437, '2017-11-17', 6, 5, 4, 20),
(438, '2017-11-17', 6, 6, 2, 80),
(439, '2017-11-18', 8, 5, 5, 20),
(440, '2017-11-18', 7, 1, 2, 70),
(441, '2017-11-18', 5, 1, 1, 50),
(442, '2017-11-18', 7, 3, 1, 20),
(443, '2017-11-18', 9, 3, 3, 50),
(444, '2017-11-19', 4, 6, 1, 20),
(445, '2017-11-20', 5, 4, 2, 70),
(446, '2017-11-21', 8, 3, 5, 60),
(447, '2017-11-22', 6, 1, 2, 60),
(448, '2017-11-23', 2, 2, 1, 50),
(449, '2017-11-24', 8, 6, 1, 30),
(450, '2017-11-25', 10, 3, 5, 50),
(451, '2017-11-25', 10, 3, 5, 80),
(452, '2017-11-25', 5, 1, 1, 10),
(453, '2017-11-25', 9, 7, 1, 80),
(454, '2017-11-26', 10, 3, 5, 90),
(455, '2017-11-27', 8, 2, 5, 50),
(456, '2017-11-28', 8, 3, 4, 10),
(457, '2017-11-29', 3, 3, 2, 50),
(458, '2017-11-30', 5, 1, 4, 90),
(459, '2017-12-01', 6, 5, 3, 60),
(460, '2017-12-02', 4, 5, 5, 40),
(461, '2017-12-03', 4, 3, 5, 80),
(462, '2017-12-04', 2, 3, 4, 30),
(463, '2017-12-05', 3, 2, 5, 80),
(464, '2017-12-05', 9, 5, 2, 80),
(465, '2017-12-05', 10, 5, 1, 10),
(466, '2017-12-05', 5, 6, 1, 30),
(467, '2017-12-06', 4, 1, 3, 50),
(468, '2017-12-07', 7, 2, 1, 60),
(469, '2017-12-08', 4, 3, 4, 90),
(470, '2017-12-09', 2, 3, 3, 90),
(471, '2017-12-10', 10, 5, 2, 30),
(472, '2017-12-10', 9, 1, 2, 70),
(473, '2017-12-10', 8, 3, 4, 20),
(474, '2017-12-10', 1, 1, 2, 80),
(475, '2017-12-10', 4, 7, 1, 20),
(476, '2017-12-12', 2, 3, 5, 70),
(477, '2017-12-13', 8, 5, 2, 80),
(478, '2017-12-14', 1, 3, 1, 80),
(479, '2017-12-15', 3, 5, 2, 30),
(480, '2017-12-16', 2, 1, 1, 40),
(481, '2017-12-17', 7, 3, 4, 30),
(482, '2017-12-18', 3, 1, 3, 90),
(483, '2017-12-19', 4, 3, 5, 40),
(484, '2017-12-20', 3, 1, 3, 50),
(485, '2017-12-21', 7, 3, 2, 40),
(486, '2017-12-22', 3, 2, 5, 30),
(487, '2017-12-23', 2, 5, 1, 40),
(488, '2017-12-24', 9, 3, 5, 20),
(489, '2017-12-25', 7, 3, 4, 90),
(490, '2017-12-26', 7, 2, 3, 50),
(491, '2017-12-27', 3, 5, 4, 60),
(492, '2017-12-28', 9, 5, 2, 60),
(493, '2017-12-29', 8, 3, 5, 50),
(494, '2017-12-30', 4, 2, 5, 10),
(495, '2017-12-31', 3, 3, 5, 20),
(496, '2018-01-01', 6, 5, 5, 80),
(497, '2018-01-02', 7, 6, 1, 80),
(498, '2018-01-03', 5, 3, 3, 40),
(499, '2018-01-04', 2, 3, 2, 30),
(500, '2018-01-05', 7, 3, 2, 40),
(501, '2018-01-06', 5, 3, 5, 80),
(502, '2018-01-06', 10, 5, 1, 90),
(503, '2018-01-06', 3, 3, 4, 90),
(504, '2018-01-06', 8, 6, 5, 80),
(505, '2018-01-06', 5, 6, 5, 80),
(506, '2018-01-07', 8, 5, 5, 30),
(507, '2018-01-08', 6, 5, 4, 20),
(508, '2018-01-09', 3, 1, 2, 80),
(509, '2018-01-10', 10, 3, 1, 60),
(510, '2018-01-11', 8, 7, 3, 70),
(511, '2018-01-12', 7, 2, 5, 30),
(512, '2018-01-13', 7, 2, 4, 90),
(513, '2018-01-14', 8, 5, 4, 40),
(514, '2018-01-15', 3, 5, 5, 70),
(515, '2018-01-16', 5, 3, 3, 90),
(516, '2018-01-17', 10, 2, 4, 60),
(517, '2018-01-18', 4, 3, 4, 60),
(518, '2018-01-19', 7, 4, 5, 60),
(519, '2018-01-20', 9, 3, 1, 70),
(520, '2018-01-21', 10, 2, 5, 70),
(521, '2018-01-22', 1, 1, 3, 30),
(522, '2018-01-23', 3, 5, 5, 70),
(523, '2018-01-24', 4, 3, 4, 60),
(524, '2018-01-25', 2, 1, 5, 70),
(525, '2018-01-26', 1, 1, 3, 70),
(526, '2018-01-27', 3, 6, 3, 80),
(527, '2018-01-28', 6, 5, 5, 40),
(528, '2018-01-29', 2, 5, 3, 20),
(529, '2018-01-30', 2, 3, 1, 50),
(530, '2018-01-31', 6, 1, 3, 50),
(531, '2018-02-01', 9, 3, 1, 60),
(532, '2018-02-01', 7, 5, 4, 80),
(533, '2018-02-01', 7, 3, 1, 50),
(534, '2018-02-01', 9, 7, 1, 20),
(535, '2018-02-02', 5, 2, 2, 10),
(536, '2018-02-02', 10, 3, 3, 40),
(537, '2018-02-02', 3, 5, 1, 10),
(538, '2018-02-02', 4, 5, 4, 40),
(539, '2018-02-03', 3, 6, 2, 80),
(540, '2018-02-04', 3, 2, 3, 80),
(541, '2018-02-04', 6, 5, 2, 90),
(542, '2018-02-04', 9, 1, 1, 80),
(543, '2018-02-04', 10, 5, 4, 40),
(544, '2018-02-04', 8, 3, 2, 50),
(545, '2018-02-04', 4, 2, 2, 30),
(546, '2018-02-04', 9, 3, 3, 10),
(547, '2018-02-05', 8, 3, 2, 90),
(548, '2018-02-06', 10, 1, 5, 90),
(549, '2018-02-07', 6, 2, 3, 30),
(550, '2018-02-08', 8, 5, 3, 10),
(551, '2018-02-09', 5, 5, 5, 70),
(552, '2018-02-10', 7, 1, 2, 20),
(553, '2018-02-11', 2, 3, 2, 90),
(554, '2018-02-12', 3, 3, 3, 40),
(555, '2018-02-13', 2, 5, 1, 50),
(556, '2018-02-14', 10, 3, 1, 50),
(557, '2018-02-15', 10, 3, 4, 30),
(558, '2018-02-16', 3, 5, 3, 80),
(559, '2018-02-17', 5, 3, 3, 60),
(560, '2018-02-18', 3, 1, 2, 20),
(561, '2018-02-19', 8, 5, 4, 80),
(562, '2018-02-19', 6, 3, 5, 40),
(563, '2018-02-19', 1, 5, 5, 80),
(564, '2018-02-20', 8, 3, 2, 50),
(565, '2018-02-21', 6, 6, 1, 90),
(566, '2018-02-21', 3, 1, 1, 60),
(567, '2018-02-21', 1, 3, 3, 90),
(568, '2018-02-21', 10, 4, 5, 40),
(569, '2018-02-21', 9, 5, 3, 80),
(570, '2018-02-22', 1, 5, 1, 90),
(571, '2018-02-23', 5, 2, 3, 90),
(572, '2018-02-24', 8, 1, 4, 10),
(573, '2018-02-24', 6, 2, 2, 30),
(574, '2018-02-24', 10, 5, 4, 60),
(575, '2018-02-25', 7, 2, 5, 10),
(576, '2018-02-26', 7, 3, 3, 40),
(577, '2018-02-27', 6, 1, 1, 50),
(578, '2018-02-28', 6, 5, 5, 10),
(579, '2018-03-01', 8, 3, 1, 90),
(580, '2018-03-02', 6, 2, 3, 60),
(581, '2018-03-03', 6, 3, 3, 70),
(582, '2018-03-04', 10, 2, 5, 30),
(583, '2018-03-05', 4, 2, 1, 80),
(584, '2018-03-06', 9, 7, 1, 50),
(585, '2018-03-07', 10, 3, 4, 70),
(586, '2018-03-08', 2, 5, 2, 60),
(587, '2018-03-09', 6, 3, 4, 40),
(588, '2018-03-10', 4, 3, 1, 90),
(589, '2018-03-10', 8, 3, 3, 10),
(590, '2018-03-10', 10, 3, 5, 50),
(591, '2018-03-10', 7, 3, 1, 10),
(592, '2018-03-10', 1, 2, 3, 70),
(593, '2018-03-10', 6, 3, 3, 60),
(594, '2018-03-11', 3, 3, 5, 40),
(595, '2018-03-12', 1, 5, 4, 90),
(596, '2018-03-13', 6, 3, 1, 30),
(597, '2018-03-14', 6, 5, 1, 70),
(598, '2018-03-15', 1, 3, 2, 10),
(599, '2018-03-16', 8, 5, 1, 70),
(600, '2018-03-17', 10, 5, 5, 90),
(601, '2018-03-18', 6, 6, 5, 10),
(602, '2018-03-19', 5, 7, 4, 60),
(603, '2018-03-20', 1, 2, 4, 50),
(604, '2018-03-21', 8, 2, 4, 30),
(605, '2018-03-22', 9, 3, 5, 60),
(606, '2018-03-23', 5, 3, 2, 10),
(607, '2018-03-24', 3, 2, 4, 70),
(608, '2018-03-25', 3, 3, 5, 10),
(609, '2018-03-26', 2, 3, 5, 50),
(610, '2018-03-27', 3, 3, 5, 70),
(611, '2018-03-27', 9, 1, 4, 90),
(612, '2018-03-27', 7, 7, 4, 50),
(613, '2018-03-28', 10, 3, 3, 50),
(614, '2018-03-28', 2, 5, 5, 70),
(615, '2018-03-28', 7, 5, 2, 80),
(616, '2018-03-29', 9, 1, 3, 90),
(617, '2018-03-29', 7, 2, 3, 80),
(618, '2018-03-30', 4, 3, 5, 10),
(619, '2018-03-31', 9, 5, 3, 40),
(620, '2018-04-01', 7, 5, 2, 20),
(621, '2018-04-02', 2, 6, 3, 30),
(622, '2018-04-03', 3, 5, 5, 80),
(623, '2018-04-04', 3, 2, 3, 90),
(624, '2018-04-04', 7, 2, 5, 40),
(625, '2018-04-04', 5, 3, 3, 20),
(626, '2018-04-04', 10, 1, 4, 80),
(627, '2018-04-04', 9, 5, 1, 50),
(628, '2018-04-04', 9, 2, 3, 80),
(629, '2018-04-05', 6, 5, 2, 10),
(630, '2018-04-06', 6, 3, 3, 80),
(631, '2018-04-07', 1, 2, 3, 10),
(632, '2018-04-07', 3, 3, 5, 90),
(633, '2018-04-07', 6, 3, 3, 60),
(634, '2018-04-07', 3, 2, 5, 10),
(635, '2018-04-08', 10, 2, 4, 70),
(636, '2018-04-09', 7, 2, 3, 20),
(637, '2018-04-10', 5, 2, 5, 10),
(638, '2018-04-11', 7, 3, 2, 60),
(639, '2018-04-12', 7, 3, 1, 60),
(640, '2018-04-13', 5, 1, 3, 50),
(641, '2018-04-14', 10, 3, 1, 10),
(642, '2018-04-15', 4, 2, 2, 20),
(643, '2018-04-16', 6, 3, 1, 40),
(644, '2018-04-17', 4, 7, 5, 20),
(645, '2018-04-18', 8, 3, 4, 60),
(646, '2018-04-19', 3, 2, 5, 90),
(647, '2018-04-20', 6, 1, 3, 40),
(648, '2018-04-21', 5, 5, 3, 60),
(649, '2018-04-22', 9, 3, 1, 50),
(650, '2018-04-23', 8, 3, 3, 20),
(651, '2018-04-24', 7, 3, 1, 90),
(652, '2018-04-25', 5, 5, 1, 20),
(653, '2018-04-26', 2, 2, 4, 50),
(654, '2018-04-27', 5, 2, 2, 30),
(655, '2018-04-28', 1, 2, 5, 90),
(656, '2018-04-29', 6, 5, 2, 10),
(657, '2018-04-30', 5, 7, 4, 20),
(658, '2018-05-01', 5, 3, 3, 50),
(659, '2018-05-02', 8, 5, 2, 80),
(660, '2018-05-03', 10, 6, 4, 50),
(661, '2018-05-04', 7, 7, 2, 70),
(662, '2018-05-05', 5, 3, 3, 20),
(663, '2018-05-06', 7, 5, 3, 80),
(664, '2018-05-07', 2, 5, 4, 70),
(665, '2018-05-08', 9, 3, 2, 80),
(666, '2018-05-09', 4, 3, 1, 60),
(667, '2018-05-10', 5, 3, 5, 70),
(668, '2018-05-11', 7, 6, 2, 20),
(669, '2018-05-11', 9, 1, 3, 60),
(670, '2018-05-11', 1, 3, 4, 10),
(671, '2018-05-11', 7, 2, 1, 60),
(672, '2018-05-12', 6, 5, 3, 80),
(673, '2018-05-13', 9, 4, 3, 30),
(674, '2018-05-14', 8, 3, 4, 80),
(675, '2018-05-14', 9, 1, 4, 70),
(676, '2018-05-14', 1, 2, 2, 80),
(677, '2018-05-14', 9, 2, 3, 60),
(678, '2018-05-14', 7, 5, 5, 50),
(679, '2018-05-14', 8, 5, 1, 40),
(680, '2018-05-15', 2, 3, 5, 90),
(681, '2018-05-15', 5, 2, 2, 40),
(682, '2018-05-15', 3, 3, 3, 20),
(683, '2018-05-15', 3, 7, 5, 90),
(684, '2018-05-15', 1, 1, 1, 10),
(685, '2018-05-16', 7, 7, 5, 90),
(686, '2018-05-17', 10, 5, 3, 80),
(687, '2018-05-18', 6, 1, 5, 70),
(688, '2018-05-19', 8, 5, 5, 50),
(689, '2018-05-20', 2, 5, 5, 30),
(690, '2018-05-20', 3, 5, 3, 10),
(691, '2018-05-20', 10, 3, 3, 60),
(692, '2018-05-20', 9, 2, 5, 80),
(693, '2018-05-20', 9, 5, 5, 50),
(694, '2018-05-21', 10, 5, 1, 40),
(695, '2018-05-22', 4, 3, 5, 10),
(696, '2018-05-23', 1, 2, 2, 90),
(697, '2018-05-24', 4, 3, 5, 70),
(698, '2018-05-25', 10, 5, 1, 60),
(699, '2018-05-26', 6, 1, 3, 50),
(700, '2018-05-27', 8, 1, 1, 70),
(701, '2018-05-28', 8, 6, 4, 80),
(702, '2018-05-29', 1, 2, 2, 80),
(703, '2018-05-30', 4, 3, 3, 60),
(704, '2018-05-31', 4, 6, 5, 50),
(705, '2018-06-01', 1, 2, 4, 60),
(706, '2018-06-02', 2, 7, 3, 60),
(707, '2018-06-03', 5, 3, 3, 30),
(708, '2018-06-04', 8, 3, 3, 80),
(709, '2018-06-04', 7, 3, 1, 80),
(710, '2018-06-04', 8, 2, 3, 40),
(711, '2018-06-04', 7, 5, 3, 90),
(712, '2018-06-04', 9, 3, 4, 90),
(713, '2018-06-05', 10, 5, 4, 80),
(714, '2018-06-06', 7, 6, 3, 20),
(715, '2018-06-07', 9, 2, 5, 40),
(716, '2018-06-08', 4, 1, 5, 80),
(717, '2018-06-08', 1, 5, 5, 50),
(718, '2018-06-08', 9, 1, 4, 30),
(719, '2018-06-08', 7, 2, 1, 30),
(720, '2018-06-09', 3, 3, 3, 70),
(721, '2018-06-10', 4, 6, 2, 80),
(722, '2018-06-11', 10, 3, 5, 30),
(723, '2018-06-12', 2, 3, 4, 50),
(724, '2018-06-13', 3, 1, 4, 90),
(725, '2018-06-14', 10, 3, 5, 20),
(726, '2018-06-15', 3, 2, 5, 90),
(727, '2018-06-15', 8, 2, 4, 30),
(728, '2018-06-15', 7, 3, 3, 50),
(729, '2018-06-15', 6, 3, 3, 40),
(730, '2018-06-15', 8, 5, 5, 70),
(731, '2018-06-16', 5, 6, 3, 90),
(732, '2018-06-17', 9, 1, 2, 80),
(733, '2018-06-18', 3, 1, 3, 70),
(734, '2018-06-19', 5, 7, 1, 20),
(735, '2018-06-20', 4, 3, 4, 60),
(736, '2018-06-21', 2, 3, 4, 90),
(737, '2018-06-22', 3, 2, 5, 60),
(738, '2018-06-23', 4, 6, 4, 50),
(739, '2018-06-24', 5, 2, 5, 90),
(740, '2018-06-25', 5, 3, 1, 30),
(741, '2018-06-26', 10, 6, 5, 20),
(742, '2018-06-27', 2, 1, 1, 80),
(743, '2018-06-28', 5, 2, 2, 80),
(744, '2018-06-29', 1, 5, 2, 70),
(745, '2018-06-30', 9, 1, 5, 30),
(746, '2018-06-30', 2, 6, 5, 70),
(747, '2018-06-30', 6, 2, 1, 30),
(748, '2018-06-30', 2, 3, 1, 40),
(749, '2018-07-01', 3, 1, 2, 40),
(750, '2018-07-01', 10, 2, 5, 80),
(751, '2018-07-01', 9, 3, 4, 40),
(752, '2018-07-01', 6, 4, 2, 10),
(753, '2018-07-02', 3, 5, 3, 20),
(754, '2018-07-03', 2, 1, 4, 40),
(755, '2018-07-04', 2, 3, 1, 80),
(756, '2018-07-05', 8, 2, 5, 70),
(757, '2018-07-06', 1, 3, 3, 40),
(758, '2018-07-07', 5, 3, 5, 30),
(759, '2018-07-08', 3, 3, 3, 50),
(760, '2018-07-09', 2, 6, 2, 60),
(761, '2018-07-10', 2, 5, 2, 30),
(762, '2018-07-11', 6, 3, 5, 20),
(763, '2018-07-12', 4, 5, 3, 90),
(764, '2018-07-13', 8, 5, 4, 20),
(765, '2018-07-14', 5, 2, 5, 40),
(766, '2018-07-15', 4, 5, 5, 30),
(767, '2018-07-16', 2, 2, 2, 10),
(768, '2018-07-17', 10, 2, 5, 80),
(769, '2018-07-18', 6, 5, 5, 20),
(770, '2018-07-19', 7, 1, 4, 90),
(771, '2018-07-20', 3, 3, 5, 70),
(772, '2018-07-21', 5, 6, 5, 50),
(773, '2018-07-22', 8, 5, 4, 70),
(774, '2018-07-23', 3, 3, 4, 70),
(775, '2018-07-24', 7, 1, 4, 60),
(776, '2018-07-25', 6, 7, 1, 90),
(777, '2018-07-26', 7, 3, 5, 30),
(778, '2018-07-27', 8, 1, 4, 60),
(779, '2018-07-28', 5, 5, 5, 60),
(780, '2018-07-29', 10, 1, 1, 80),
(781, '2018-07-30', 4, 4, 3, 20),
(782, '2018-07-31', 8, 7, 3, 90),
(783, '2018-08-01', 1, 5, 5, 30),
(784, '2018-08-02', 5, 3, 1, 10),
(785, '2018-08-02', 7, 3, 4, 50),
(786, '2018-08-02', 2, 3, 3, 10),
(787, '2018-08-02', 10, 3, 5, 40),
(788, '2018-08-02', 4, 3, 2, 80),
(789, '2018-08-03', 7, 3, 4, 20),
(790, '2018-08-04', 5, 2, 3, 60),
(791, '2018-08-05', 10, 3, 5, 20),
(792, '2018-08-06', 8, 3, 2, 40),
(793, '2018-08-07', 5, 3, 1, 50),
(794, '2018-08-07', 9, 5, 4, 90),
(795, '2018-08-07', 3, 2, 4, 90),
(796, '2018-08-07', 8, 2, 4, 20),
(797, '2018-08-08', 5, 3, 3, 20),
(798, '2018-08-09', 2, 2, 5, 30),
(799, '2018-08-10', 6, 2, 3, 50),
(800, '2018-08-10', 1, 3, 2, 40),
(801, '2018-08-10', 5, 3, 1, 60),
(802, '2018-08-10', 1, 2, 2, 10),
(803, '2018-08-11', 2, 3, 2, 40),
(804, '2018-08-12', 6, 3, 3, 80),
(805, '2018-08-12', 4, 5, 2, 50),
(806, '2018-08-12', 8, 7, 4, 80),
(807, '2018-08-12', 2, 5, 4, 30),
(808, '2018-08-13', 2, 5, 4, 70),
(809, '2018-08-14', 4, 3, 5, 80),
(810, '2018-08-15', 7, 2, 2, 10),
(811, '2018-08-15', 10, 5, 3, 40),
(812, '2018-08-15', 4, 3, 4, 70),
(813, '2018-08-15', 9, 1, 1, 50),
(814, '2018-08-15', 4, 3, 1, 10),
(815, '2018-08-16', 4, 7, 2, 20),
(816, '2018-08-17', 8, 2, 4, 10),
(817, '2018-08-18', 9, 3, 1, 10),
(818, '2018-08-19', 5, 6, 5, 80),
(819, '2018-08-20', 4, 2, 3, 20),
(820, '2018-08-21', 8, 6, 3, 60),
(821, '2018-08-21', 3, 3, 3, 80),
(822, '2018-08-21', 9, 5, 1, 50),
(823, '2018-08-21', 8, 3, 3, 20),
(824, '2018-08-21', 5, 2, 2, 60),
(825, '2018-08-22', 7, 7, 5, 70),
(826, '2018-08-23', 5, 3, 3, 10),
(827, '2018-08-24', 7, 3, 2, 40),
(828, '2018-08-25', 3, 2, 3, 60),
(829, '2018-08-26', 2, 7, 5, 60),
(830, '2018-08-27', 10, 6, 4, 20),
(831, '2018-08-27', 4, 1, 1, 50),
(832, '2018-08-27', 7, 3, 5, 40),
(833, '2018-08-27', 9, 3, 3, 20),
(834, '2018-08-27', 1, 3, 3, 90),
(835, '2018-08-28', 5, 1, 4, 70),
(836, '2018-08-28', 7, 1, 4, 70),
(837, '2018-08-28', 9, 7, 1, 30),
(838, '2018-08-29', 7, 3, 1, 80),
(839, '2018-08-29', 6, 3, 5, 40),
(840, '2018-08-30', 2, 1, 2, 20),
(841, '2018-08-31', 4, 3, 4, 60),
(842, '2018-09-01', 8, 3, 5, 20),
(843, '2018-09-01', 10, 3, 1, 90),
(844, '2018-09-01', 6, 3, 4, 20),
(845, '2018-09-02', 6, 3, 1, 80),
(846, '2018-09-03', 2, 2, 1, 10),
(847, '2018-09-04', 3, 3, 3, 80),
(848, '2018-09-05', 2, 1, 2, 20),
(849, '2018-09-05', 6, 1, 5, 20),
(850, '2018-09-05', 5, 5, 1, 70),
(851, '2018-09-05', 8, 1, 2, 70),
(852, '2018-09-06', 1, 3, 2, 90),
(853, '2018-09-07', 7, 3, 5, 30),
(854, '2018-09-08', 4, 2, 3, 80),
(855, '2018-09-08', 10, 1, 5, 90),
(856, '2018-09-08', 9, 2, 5, 20),
(857, '2018-09-08', 3, 2, 1, 40),
(858, '2018-09-09', 6, 5, 5, 70),
(859, '2018-09-10', 6, 3, 4, 90),
(860, '2018-09-10', 3, 6, 2, 20),
(861, '2018-09-10', 8, 1, 3, 20),
(862, '2018-09-10', 1, 5, 4, 10),
(863, '2018-09-11', 5, 1, 1, 40),
(864, '2018-09-12', 6, 3, 1, 40),
(865, '2018-09-13', 9, 1, 5, 80),
(866, '2018-09-14', 10, 2, 5, 90),
(867, '2018-09-15', 6, 7, 2, 10),
(868, '2018-09-16', 1, 5, 5, 50),
(869, '2018-09-17', 9, 2, 4, 40),
(870, '2018-09-18', 4, 3, 4, 10),
(871, '2018-09-19', 4, 3, 2, 30),
(872, '2018-09-20', 5, 3, 5, 50),
(873, '2018-09-21', 6, 1, 3, 50),
(874, '2018-09-22', 5, 7, 1, 30),
(875, '2018-09-23', 10, 2, 1, 30),
(876, '2018-09-24', 1, 4, 1, 30),
(877, '2018-09-25', 1, 3, 3, 90),
(878, '2018-09-26', 9, 6, 5, 50),
(879, '2018-09-27', 1, 6, 4, 90),
(880, '2018-09-28', 7, 1, 3, 90),
(881, '2018-09-29', 10, 2, 5, 10),
(882, '2018-09-30', 3, 2, 3, 20),
(883, '2018-10-01', 1, 3, 5, 90),
(884, '2018-10-02', 7, 3, 4, 50),
(885, '2018-10-03', 3, 1, 2, 60),
(886, '2018-10-04', 2, 2, 3, 50),
(887, '2018-10-05', 6, 5, 1, 90),
(888, '2018-10-06', 6, 3, 2, 10),
(889, '2018-10-06', 5, 1, 5, 90),
(890, '2018-10-06', 1, 1, 1, 40),
(891, '2018-10-06', 7, 2, 3, 90),
(892, '2018-10-07', 2, 1, 5, 90),
(893, '2018-10-08', 6, 7, 2, 10),
(894, '2018-10-09', 8, 1, 1, 90),
(895, '2018-10-10', 10, 1, 5, 10),
(896, '2018-10-10', 6, 5, 2, 30),
(897, '2018-10-10', 10, 5, 2, 50),
(898, '2018-10-10', 3, 5, 4, 20),
(899, '2018-10-11', 7, 6, 4, 70),
(900, '2018-10-12', 10, 3, 4, 80),
(901, '2018-10-13', 5, 3, 2, 40),
(902, '2018-10-14', 2, 3, 4, 30),
(903, '2018-10-15', 7, 3, 3, 70),
(904, '2018-10-16', 5, 1, 1, 90),
(905, '2018-10-17', 9, 1, 2, 20),
(906, '2018-10-17', 9, 3, 5, 30),
(907, '2018-10-17', 7, 3, 3, 80),
(908, '2018-10-17', 8, 3, 3, 30),
(909, '2018-10-18', 7, 6, 1, 70),
(910, '2018-10-19', 7, 5, 5, 10),
(911, '2018-10-20', 7, 1, 1, 20),
(912, '2018-10-21', 6, 3, 4, 90),
(913, '2018-10-22', 9, 3, 3, 90),
(914, '2018-10-23', 10, 3, 5, 90),
(915, '2018-10-24', 6, 5, 4, 10),
(916, '2018-10-25', 10, 6, 1, 30),
(917, '2018-10-26', 9, 1, 4, 40),
(918, '2018-10-27', 2, 1, 1, 40),
(919, '2018-10-28', 9, 5, 1, 70),
(920, '2018-10-29', 7, 4, 5, 90),
(921, '2018-10-30', 6, 5, 3, 50),
(922, '2018-10-31', 4, 5, 1, 10),
(923, '2018-11-01', 5, 3, 3, 80),
(924, '2018-11-02', 5, 7, 3, 40),
(925, '2018-11-03', 1, 6, 2, 40),
(926, '2018-11-04', 8, 1, 4, 30),
(927, '2018-11-05', 10, 3, 1, 20),
(928, '2018-11-06', 7, 2, 5, 70),
(929, '2018-11-07', 1, 3, 2, 40),
(930, '2018-11-08', 6, 2, 2, 20),
(931, '2018-11-09', 3, 2, 1, 30),
(932, '2018-11-09', 5, 7, 1, 30),
(933, '2018-11-09', 6, 4, 3, 50),
(934, '2018-11-09', 1, 4, 2, 60),
(935, '2018-11-09', 6, 1, 2, 50),
(936, '2018-11-10', 4, 2, 1, 40),
(937, '2018-11-10', 7, 2, 1, 10),
(938, '2018-11-10', 6, 5, 5, 50),
(939, '2018-11-10', 9, 4, 1, 50),
(940, '2018-11-11', 10, 1, 4, 20),
(941, '2018-11-12', 6, 4, 4, 80),
(942, '2018-11-13', 10, 1, 5, 20),
(943, '2018-11-14', 6, 4, 1, 70),
(944, '2018-11-15', 5, 2, 5, 20),
(945, '2018-11-16', 4, 4, 4, 90),
(946, '2018-11-17', 10, 5, 5, 50),
(947, '2018-11-18', 5, 4, 4, 50),
(948, '2018-11-19', 10, 4, 2, 50),
(949, '2018-11-20', 10, 1, 5, 10),
(950, '2018-11-21', 1, 4, 5, 50),
(951, '2018-11-22', 5, 4, 3, 80),
(952, '2018-11-23', 7, 4, 3, 60),
(953, '2018-11-24', 2, 6, 2, 80),
(954, '2018-11-25', 9, 1, 2, 30),
(955, '2018-11-26', 10, 2, 1, 30),
(956, '2018-11-27', 8, 5, 3, 50),
(957, '2018-11-28', 10, 4, 2, 30),
(958, '2018-11-29', 10, 4, 5, 80),
(959, '2018-11-30', 5, 4, 5, 50),
(960, '2018-12-01', 4, 4, 3, 40),
(961, '2018-12-02', 7, 2, 3, 60),
(962, '2018-12-03', 6, 2, 3, 60),
(963, '2018-12-04', 5, 4, 4, 10),
(964, '2018-12-05', 6, 1, 5, 90),
(965, '2018-12-06', 3, 4, 1, 40),
(966, '2018-12-07', 4, 5, 3, 10),
(967, '2018-12-08', 1, 1, 1, 70),
(968, '2018-12-09', 6, 1, 4, 30),
(969, '2018-12-10', 7, 4, 1, 80),
(970, '2018-12-11', 2, 2, 1, 80),
(971, '2018-12-11', 3, 4, 3, 70),
(972, '2018-12-11', 6, 1, 2, 50),
(973, '2018-12-11', 5, 6, 2, 70),
(974, '2018-12-12', 1, 5, 5, 10),
(975, '2018-12-13', 5, 2, 4, 90),
(976, '2018-12-14', 3, 2, 2, 60),
(977, '2018-12-15', 8, 5, 1, 70),
(978, '2018-12-16', 7, 4, 4, 60),
(979, '2018-12-17', 2, 2, 2, 60),
(980, '2018-12-18', 3, 1, 3, 50),
(981, '2018-12-19', 6, 1, 1, 40),
(982, '2018-12-20', 4, 7, 2, 80),
(983, '2018-12-21', 5, 5, 5, 20),
(984, '2018-12-22', 8, 7, 2, 40),
(985, '2018-12-23', 3, 5, 2, 20),
(986, '2018-12-24', 2, 4, 3, 40),
(987, '2018-12-25', 6, 4, 2, 50),
(988, '2018-12-26', 9, 4, 4, 70),
(989, '2018-12-27', 3, 4, 3, 70),
(990, '2018-12-28', 3, 4, 2, 20),
(991, '2018-12-29', 6, 1, 2, 60),
(992, '2018-12-29', 9, 8, 1, 10),
(993, '2018-12-30', 4, 2, 4, 20),
(994, '2018-12-30', 1, 5, 5, 10),
(995, '2018-12-30', 8, 1, 4, 10),
(996, '2018-12-30', 5, 6, 1, 20),
(997, '2018-12-30', 1, 4, 1, 50),
(998, '2018-12-30', 4, 8, 3, 5),
(999, '2018-12-31', 9, 4, 4, 90),
(1000, '2018-12-31', 6, 5, 2, 70),
(1001, '2018-12-31', 2, 4, 5, 70),
(1002, '2018-12-31', 2, 1, 4, 10),
(1003, '2018-12-31', 1, 8, 2, 5);

--
-- Indexes for dumped tables
--

--
-- Indexes for table `customer`
--
ALTER TABLE `customer`
  ADD PRIMARY KEY (`idCust`);

--
-- Indexes for table `pekerja`
--
ALTER TABLE `pekerja`
  ADD PRIMARY KEY (`idPek`);

--
-- Indexes for table `produk`
--
ALTER TABLE `produk`
  ADD PRIMARY KEY (`idProd`);

--
-- Indexes for table `transaksi`
--
ALTER TABLE `transaksi`
  ADD PRIMARY KEY (`idTrans`);

--
-- AUTO_INCREMENT for dumped tables
--

--
-- AUTO_INCREMENT for table `customer`
--
ALTER TABLE `customer`
  MODIFY `idCust` int(10) NOT NULL AUTO_INCREMENT, AUTO_INCREMENT=11;

--
-- AUTO_INCREMENT for table `pekerja`
--
ALTER TABLE `pekerja`
  MODIFY `idPek` int(10) NOT NULL AUTO_INCREMENT, AUTO_INCREMENT=8;

--
-- AUTO_INCREMENT for table `produk`
--
ALTER TABLE `produk`
  MODIFY `idProd` int(10) NOT NULL AUTO_INCREMENT, AUTO_INCREMENT=6;

--
-- AUTO_INCREMENT for table `transaksi`
--
ALTER TABLE `transaksi`
  MODIFY `idTrans` int(10) NOT NULL AUTO_INCREMENT, AUTO_INCREMENT=1004;
COMMIT;

/*!40101 SET CHARACTER_SET_CLIENT=@OLD_CHARACTER_SET_CLIENT */;
/*!40101 SET CHARACTER_SET_RESULTS=@OLD_CHARACTER_SET_RESULTS */;
/*!40101 SET COLLATION_CONNECTION=@OLD_COLLATION_CONNECTION */;
